,Diagnosis Age,Mutation Count,TMB (nonsynonymous),Neoantigen_SB_Count,Neoantigen_WB_Count
count,59.0,90.0,90.0,92.0,92.0
mean,10.957627118644067,74.97777777777777,2.6288888888333335,13.576086956521738,21.82608695652174
std,5.608312899856799,54.11992047997717,1.7215763758602465,10.340609899384878,17.271337302367055
min,0.3,3.0,0.233333333,0.0,0.0
25%,6.5,43.0,2.21666666675,5.0,8.75
50%,12.0,75.0,2.5166666665,14.0,22.5
75%,16.0,92.0,3.09166666675,18.0,28.25
max,21.0,312.0,10.43333333,48.0,110.0
